Country,Continent,Poverty Headcount Ratio at 2.15$ a day (% of population),Life Expectancy (Years),Total Population,Annual Population Growth (%),GDP,GDP per Capita,Net Migration,Human Capital Index (HCI) (scale 0-1),Annual GDP Growth (%),Total Unemployment (% of total labor force),Annual Inflation (%),Personal remittances received (% of GDP),CO2 emissions (metric tons per capita),Forest Area (% of land area),Access to Electricity (% of population),Total Annual Freshwater Withdrawals (% of internal resources),Electricity Production,People using Safely Managed Sanitation Service (% of population),"Intentional Homicides (per 100,000 people)",Total Central Government Debt (% of GDP),Individual using Internet (% of Population),Proportion of National Parliments Women Seats (%),Netflow of Foreign Direct Investment (% of GDP),Density (People/km^2),Agricultural Land (%),Land Area (km^2),Birth Rate,Consumer Price Index (CPI),CPI Change (%),Fertility Rate,Gross Primary Education Enrollment (%),Gross Tertiary Education Enrollment (%),Infant Mortality,Min Wage (USD per hour),Health Expenditure (%),Population: Labor Force Participation (%),Tax Revenue (%),Total Tax Rate (%),Urban Population
Afghanistan,Asia,54.5,62,"41,128,771",2.5,"$19,101,353,833.00 ",363.6740871,"-183,672",0.4,-20.7,11.7,2.3,2.1,0.2,1.9,97.7,43,0,13,4,53.3,18,27,0.1,60,58.10%,"652,230",32.49,149.9,2.30%,4.47,104.00%,9.70%,47.9,$0.43 ,78.40%,48.90%,9.30%,71.40%,"9,797,273"
Albania,Europe,0,76,"2,775,634",-1.3,"$15,278,077,447.00 ",6377.203096,"-10,612",0.6,4.8,11.8,6.7,9.2,1.5,28.8,100,3,0,48,2,82.4,79,36,7.6,105,43.10%,"28,748",11.78,119.05,1.40%,1.62,107.00%,55.00%,7.8,$1.12 ,56.90%,55.70%,18.60%,36.60%,"1,747,593"
Algeria,Africa,0.5,76,"44,903,225",1.6,"$169,988,236,398.00 ",3700.311195,"-18,797",0.5,3.1,11.6,9.3,0.9,3.7,0.8,99.8,87,0.1,18,2,59.6,71,8,0,18,17.40%,"2,381,741",24.28,151.36,2.00%,3.02,109.90%,51.40%,20.1,$0.95 ,28.10%,41.20%,37.20%,66.10%,"31,510,100"
American Samoa,Oceania,6.9,80.75,"44,273",-1.7,"$710,000,000.00 ",15743.31076,"-1,646",0.75,-1.9,10,7,11.1,10.07,85.7,100,100,0,99,0,52.2,78.3,11.1,0,380,5.40%,199,22.8,109.7,5.20%,2.73,97.20%,25.00%,6,$11.17 ,9.60%,60.60%,21.60%,21.60%,"49,000"
Andorra,Europe,0,83.61,"79,824",1,"$3,154,057,987.00 ",42072.3411,"1,377",0.87,8.8,2,7.5,1.6,5.8,34,100,0,81,100,3,93.5,94,46,10.5,164,40.00%,468,7.2,108.8,7.30%,1.27,106.40%,56.50%,2.7,$6.63 ,36.40%,69.60%,16.20%,16.20%,"67,873"
Angola,Africa,31.1,62,"35,588,987",3.1,"$94,635,415,870.00 ",1903.717405,"29,089",0.4,3,10.2,25.8,0,0.6,53.4,48.2,0,0,47,4,121.1,33,34,-5.8,26,47.50%,"1,246,700",40.73,261.73,17.10%,5.52,113.50%,9.30%,51.6,$0.71 ,33.40%,77.50%,9.20%,49.10%,"21,061,025"
Antigua And Barbuda,Americas,1.8,78,"93,763",0.6,"$1,727,759,259.00 ",16740.3482,0,0.6,8.5,12,7.5,2,5.1,18.5,100,8,100,100,17,101.7,96,11,15.7,223,20.50%,443,15.33,113.81,1.20%,1.99,105.00%,24.80%,5,$3.04 ,24.30%,64.80%,16.50%,43.00%,"23,800"
Argentina,Americas,1,75,"46,234,830",0.9,"$449,663,446,954.00 ",10636.11553,"2,344",0.6,5.2,6.5,90.9,0.2,3.4,10.4,100,13,1.9,51,5,115,87,45,2.4,17,54.30%,"2,780,400",17.02,232.75,53.50%,2.26,109.70%,90.00%,8.8,$3.35 ,17.60%,61.30%,10.10%,106.30%,"41,339,571"
Armenia,Asia,0.5,72,"2,780,469",-0.4,"$13,672,802,158.00 ",4966.513471,"-12,825",0.6,12.6,12.6,8.6,10.4,2.4,11.5,100,41,0.1,69,2,60.2,79,36,5.1,104,58.90%,"29,743",13.99,129.18,1.40%,1.76,92.70%,54.60%,11,$0.66 ,81.60%,55.60%,20.90%,22.60%,"1,869,848"
Aruba,Americas,2.1,75,"106,445",-0.1,"$4,570,000,000.00 ",29342.10073,501,0.81,17.2,7,4.3,1.1,13.13,2.3,100,100,0,99,2,102.6,97,58.3,4.3,624,5.10%,193,11.9,108.5,3.50%,1.8,99.40%,21.00%,5.1,$6.89 ,10.90%,61.20%,19.40%,19.40%,"108,200"
Australia,Oceania,0.5,83,"25,978,935",1.1,"$1,392,680,589,329.00 ",60444.50236,"117,929",0.8,3.6,3.7,6.6,0.1,14.8,17.4,100,2,8.3,74,1,70.2,96,38,4,3,48.20%,"7,741,220",12.6,119.8,1.60%,1.74,100.30%,113.10%,3.1,$13.59 ,19.60%,65.50%,23.00%,47.40%,"21,844,756"
Austria,Europe,0.7,81,"9,042,528",1,"$446,314,739,528.00 ",53637.70571,"20,314",0.7,5,4.7,8.5,0.6,6.6,47.3,100,6,16.5,100,1,94.3,93,41,2.6,109,32.40%,"83,871",9.7,118.06,1.50%,1.47,103.10%,85.10%,2.9,$14.45 ,17.90%,60.70%,25.40%,51.40%,"5,194,416"
Azerbaijan,Asia,0,69,"10,175,016",0.4,"$39,207,000,000.00 ",5408.045352,"1,084",0.6,4.6,5.5,13.9,5,3.4,13.7,100,155,0.4,21,2,16.8,86,18,-5.7,123,57.70%,"86,600",14,156.32,2.60%,1.73,99.70%,27.70%,19.2,$0.47 ,78.60%,66.50%,13.00%,40.70%,"5,616,165"
Bahrain,Asia,0.4,79,"1,472,233",0.6,"$38,574,069,149.00 ",26860.0725,"-9,150",0.7,4.9,1.4,3.6,15.9,22,0.9,100,"3,878",0,91,0,29.4,100,20,4.5,"2,239",11.10%,765,13.99,117.59,2.10%,1.99,99.40%,50.50%,6.1,$12.40 ,25.10%,73.40%,4.20%,13.80%,"1,467,109"
Bangladesh,Asia,13.5,72,"171,186,372",1.1,"$302,571,254,131.00 ",2457.924049,"-174,500",0.5,7.1,4.7,7.7,4.7,0.5,14.5,99,34,0.3,39,2,31.2,39,21,0.3,"1,265",70.60%,"148,460",18.18,179.68,5.60%,2.04,116.50%,20.60%,25.1,$0.51 ,71.80%,59.00%,8.80%,33.40%,"60,987,417"
Barbados,Americas,1.1,78,"281,635",0.2,"$5,209,000,000.00 ",17225.4623,-28,0.81,10,8.2,4.1,0,3.9,14.7,100,88,100,99,11,146.9,86,27,4.9,668,23.30%,430,10.65,134.09,4.10%,1.62,99.40%,65.40%,11.3,$3.13 ,45.20%,65.20%,27.50%,35.60%,"89,431"
Belarus,Europe,0,72,"9,208,701",-1,"$63,080,457,023.00 ",7489.718947,"12,961",0.7,-4.7,4.2,15.2,2,5.8,43.2,100,4,0.5,74,2,33.2,87,40,2.2,47,42.00%,"207,600",9.9,110,5.60%,1.45,100.50%,87.40%,2.6,$1.49 ,34.50%,64.10%,14.70%,53.30%,"7,482,982"
Belgium,Europe,0.1,82,"11,669,446",0.7,"$529,606,710,418.00 ",51268.38804,"52,356",0.8,3.2,5.6,9.6,2.3,7.4,22.8,100,35,20.3,89,1,109.2,93,43,1.7,383,44.60%,"30,528",10.3,117.11,1.40%,1.62,103.90%,79.70%,2.9,$10.31 ,17.60%,53.60%,24.00%,55.40%,"11,259,082"
Belize,Americas,11.3,70,"405,272",1.3,"$1,879,613,600.00 ",6228.267309,577,0.71,12.1,9.7,3.2,5,1.7,56,97.7,1,100,99,31,61,62,13,4.7,17,7.00%,"22,966",20.79,105.68,-0.90%,2.31,111.70%,24.70%,11.2,$1.65 ,22.70%,65.10%,26.30%,31.10%,"179,039"
Benin,Africa,19.9,60,"13,352,864",2.7,"$14,390,709,095.00 ",1361.100749,"1,732",0.4,6.3,1.7,1.4,1.2,0.6,27.8,42,1,1.5,28,1,51.9,34,7,2,108,33.30%,"112,622",36.22,110.71,-0.90%,4.84,122.00%,12.30%,60.5,$0.39 ,40.50%,70.90%,10.80%,48.90%,"5,648,149"
Bermuda,Americas,0,79,"63,532",-0.4,"$8,070,000,000.00 ",111774.6691,291,0.85,2.9,5,7.1,15.9,13.2,18.5,100,100,0,99,11,32.8,98,41.7,0.7,1.882,0.60%,54,11.4,112.4,6.00%,1.66,99.50%,19.03%,2.6,$12.72 ,10.60%,63.30%,18.80%,18.80%,"61,900"
Bhutan,Asia,0.9,72,"782,455",0.6,"$2,446,674,101.00 ",3266.362774,291,0.5,4.1,3.6,5.6,2.9,1.3,71.4,100,0,100,65,2,117.3,86,17,0.3,20,13.60%,"38,394",17.26,167.18,2.70%,1.98,100.10%,15.60%,24.8,$0.32 ,19.80%,66.70%,16.00%,35.30%,"317,538"
Bolivia,Americas,2,64,"12,224,110",1.2,"$40,895,322,865.00 ",3345.196588,"-4,666",0.66,3.1,4.4,1.7,3.4,1.5,46.9,98.6,1,2.5,53,3,68.3,66,46,-0.1,11,34.80%,"1,098,581",21.75,148.32,1.80%,2.73,98.20%,29.90%,21.8,$1.36 ,25.90%,71.80%,17.00%,83.70%,"8,033,035"
Bosnia and Herz.,Europe,0.1,75,"3,233,526",-1.2,"$20,047,848,435.00 ",7230.198163,"-25,865",0.6,3.9,14.1,14,10.1,6.3,42.7,100,1,0,40,1,47,76,17,2.6,64,43.10%,"51,197",8.11,104.9,0.60%,1.27,99.80%,23.30%,5,$1.04 ,28.60%,46.40%,20.40%,23.70%,"1,605,144"
Botswana,Africa,15.4,61,"2,630,296",1.6,"$18,340,510,789.00 ",7238.796096,"1,816",0.4,5.8,20.7,11.7,0.3,2.3,26.9,73.7,9,0,82,11,19.6,74,11,0.3,4,45.60%,"581,730",24.82,149.75,2.80%,2.87,103.20%,24.90%,30,$0.29 ,5.30%,70.80%,19.50%,25.10%,"1,616,550"
Brazil,Americas,5.8,73,"215,313,498",0.5,"$1,839,758,040,766.00 ",7696.785531,"20,376",0.6,2.9,9.5,9.3,0.3,1.9,59.4,99.5,1,12.1,49,22,86.1,81,18,4.8,25,33.90%,"8,515,770",13.92,167.4,3.70%,1.73,115.40%,51.30%,12.8,$1.53 ,28.30%,63.90%,14.20%,65.10%,"183,241,641"
British Virgin Islands,Americas,1.2,74,"31,305",0.6,"$4,470,000,000.00 ",49444,128,0.81,7.5,10,4,7.3,5.98,24.1,100,100,0,99,8,72.6,78,25,2.3,283,1.80%,153,11.5,110.3,2.30%,1.93,99.40%,23.00%,5.2,$9.76 ,7.00%,61.00%,13.00%,13.00%,"23,815"
Brunei,Asia,0.1,75,"449,002",0.8,"$13,469,422,941.00 ",31448.91361,-192,0.6,-1.6,7.2,3.7,0,21.7,72.1,100,1,0,100,0,2.6,98,9,1.5,83,2.70%,"5,765",14.9,99.03,-0.40%,1.85,103.20%,31.40%,9.8,$6.51 ,6.00%,64.70%,4.30%,8.00%,"337,711"
Bulgaria,Europe,0.2,72,"6,465,097",-6.2,"$86,000,000,000.00 ",12222.23565,"-8,716",0.6,3.4,4.4,15.3,2.3,4.9,35.9,99.8,24,6.4,72,1,32.8,75,24,3.6,64,46.30%,"110,879",8.9,114.42,3.10%,1.56,89.30%,71.00%,5.9,$1.57 ,47.70%,55.40%,20.20%,28.30%,"5,256,027"
Burkina Faso,Africa,30.5,59,"22,673,762",2.6,"$15,745,810,235.00 ",893.077196,"-13,097",0.4,1.5,5.2,14.3,3.1,0.3,22.7,19,7,0,33,1,55.5,22,17,-0.4,76,44.20%,"274,200",37.93,106.58,-3.20%,5.19,96.10%,6.50%,49,$0.34 ,36.10%,66.40%,15.00%,41.30%,"6,092,349"
Burundi,Africa,65.1,62,"12,889,576",2.7,"$3,012,334,882.00 ",221.1578034,"-14,415",0.4,1.8,1,18.8,1.6,0.1,10.9,10.2,3,99.7,54,6,70.2,6,38,0.3,463,79.20%,"27,830",39.01,182.11,-0.70%,5.41,121.40%,6.10%,41,$0.33 ,19.10%,79.20%,13.60%,41.20%,"1,541,177"
Cabo Verde,Africa,4.6,74,"593,149",0.9,"$1,981,845,741.00 ",3557.837775,"-1,274",0.65,17.7,13.6,1.9,13.5,1.1,11.3,95.5,8,100,99,6,77.9,70,39,5.5,138,19.60%,"4,033",19.49,110.5,1.10%,2.27,104.00%,23.60%,16.7,$0.68 ,23.20%,60.50%,20.10%,37.50%,"364,029"
Cambodia,Asia,13.5,70,"16,767,842",1.1,"$27,089,389,787.00 ",1625.235022,"-24,262",0.5,5.2,0.4,5.3,8.7,1.1,45.7,82.5,2,0.9,60,2,51.1,60,21,11.9,95,30.90%,"181,035",22.46,127.63,2.50%,2.5,107.40%,13.70%,24,$1.00 ,59.40%,82.30%,17.10%,23.10%,"3,924,621"
Cameroon,Africa,25.7,60,"27,914,536",2.6,"$38,760,467,033.00 ",1666.932809,"-9,889",0.4,3.5,4,6.2,0.8,0.4,43,65.4,0,1.1,34,5,49.8,46,34,2.1,56,20.60%,"475,440",35.39,118.65,2.50%,4.57,103.40%,12.80%,50.6,$0.35 ,69.70%,76.10%,12.80%,57.70%,"14,741,256"
Canada,Americas,0.2,83,"38,929,902",1.8,"$1,736,425,629,520.00 ",52358.62164,"195,181",0.8,3.4,5.2,6.8,0,13.6,38.7,100,1,6.3,84,2,64,93,30,2.5,4,6.90%,"9,984,670",10.1,116.76,1.90%,1.5,100.90%,68.90%,4.3,$9.51 ,14.60%,65.10%,12.80%,24.50%,"30,628,482"
Cayman Islands,Americas,0,82,"68,706",0.8,"$5,220,000,000.00 ",88475.60088,276,0.84,4,3,-0.6,0.2,25.58,53,100,100,0,99,4,10.6,81,16.7,429.5,258,0.30%,264,13.7,109.8,2.70%,1.87,99.50%,26.00%,4.9,$13.31 ,7.40%,66.90%,20.10%,20.10%,"62,600"
Central African Rep.,Africa,61.9,54,"5,579,144",2.2,"$2,220,307,369.00 ",461.1375109,"-85,860",0.3,0,6.4,5.6,0,0,35.8,15.7,0,0,14,20,91.3,11,13,1.2,8,8.20%,"622,984",35.35,186.86,37.10%,4.72,102.00%,3.00%,84.5,$0.37 ,39.60%,72.00%,8.60%,73.30%,"1,982,064"
Chad,Africa,30.9,53,"17,723,315",3.1,"$11,314,951,343.00 ",685.690315,"9,016",0.3,2.2,1.4,5.8,0,0.1,3.4,11.3,6,0,10,10.3,71.9,18,26,4.8,13,39.70%,"1,284,000",42.17,117.7,-1.00%,5.75,86.80%,3.30%,71.4,$0.60 ,56.40%,70.70%,6.90%,63.50%,"3,712,273"
Channel Islands,Europe,0,81,"174,079",0.8,"$6,740,000,000.00 ",67960.727,"1,242",0.84,8.6,6.9,7.5,1.1,7.55,5.2,100,0,1,82,0,12.5,97.3,43.8,17,850,66.90%,194,11.1,109.1,6.10%,1.71,99.50%,35.00%,2.3,$13.00 ,9.40%,62.80%,19.10%,19.10%,"150,400"
Chile,Americas,0.7,79,"19,603,733",0.6,"$282,318,159,745.00 ",16247.40102,"113,709",0.7,2.4,7.8,11.6,0,4.4,24.5,100,4,11.9,79,4,13.1,90,35,6.9,26,21.20%,"756,096",12.43,131.91,2.60%,1.65,101.40%,88.50%,6.2,$2.00 ,32.20%,62.60%,18.20%,34.00%,"16,610,135"
China,Asia,0.1,78,1.41,0,"$19,910,000,000,000.00 ",12617.50499,"-200,194",0.7,3,4.9,2,0.1,7.8,23.4,100,20,4.9,70,1,70.9,73,25,1,153,56.20%,"9,596,960",10.9,125.08,2.90%,1.69,100.20%,50.60%,7.4,$0.87 ,32.40%,68.00%,9.40%,59.20%,"842,933,962"
Colombia,Americas,6.6,73,"51,874,024",0.7,"$323,802,808,108.00 ",6182.707099,"211,978",0.6,7.5,10.7,10.2,2.7,1.6,53.3,100,1,3.3,18,27,79.8,73,29,5,46,40.30%,"1,138,910",14.88,140.95,3.50%,1.81,114.50%,55.30%,12.2,$1.23 ,18.30%,68.80%,14.40%,71.20%,"40,827,302"
Comoros,Africa,18.6,63,"836,774",1.8,"$1,185,728,677.00 ",1577.470841,"-1,772",0.4,2.4,8.8,-4.3,20.1,0.4,17.7,87.9,1,0,42,9.3,53.6,27,17,0.3,467,71.50%,"2,235",31.88,103.62,-4.30%,4.21,99.50%,9.00%,51.3,$0.71 ,74.80%,43.30%,10.80%,219.60%,"248,152"
Congo,Africa,35.4,64,"5,970,424",2.3,"$10,820,591,131.00 ",2290.382994,"-4,466",0.4,1.5,21.8,3,0.1,1.3,64.3,49.7,0,0,45,10.4,25.5,9,15,27.6,16,31.10%,"342,000",32.86,124.74,2.20%,4.43,106.60%,12.70%,36.2,$0.88 ,43.80%,69.40%,9.00%,54.30%,"3,625,010"
Costa Rica,Americas,1.2,77,"5,180,829",0.5,"$61,773,944,174.00 ",12537.25675,"2,084",0.6,4.3,11.5,8.3,0.9,1.4,59.4,100,3,24.4,30,11,39.3,83,47,5.2,100,34.50%,"51,100",13.97,128.85,2.10%,1.75,113.30%,55.20%,7.6,$1.84 ,21.50%,62.10%,13.60%,58.30%,"4,041,885"
Cote d'Ivoire,Africa,11.4,59,"28,160,542",2.5,"$58,792,205,642.00 ",2549,"-21,000",0.4,6.7,2.6,5.3,0.5,0.4,8.9,71.1,2,1.2,39,10.2,57.2,45,14,1.9,83,64.80%,"322,463",35.74,111.61,-0.90%,4.65,99.80%,9.30%,59.4,$0.36 ,36.00%,57.00%,11.80%,50.10%,"13,176,900"
Croatia,Europe,0.3,76,"3,854,000",-0.6,"$60,415,553,039.00 ",17747.78929,"-10,402",0.7,6.3,6.7,10.8,7.6,3.9,34.7,100,2,10,68,1,688,81,32,5.2,73,27.60%,"56,594",9,109.82,0.80%,1.47,96.50%,67.90%,4,$2.92 ,15.20%,51.20%,22.00%,20.50%,"2,328,318"
Cuba,Americas,2.3,74,"11,212,191",-0.4,"$100,023,000,000.00 ",11255,"-7,068",0.78,1.3,1.4,40.3,4.2,2.2,31.2,100,18,3.7,37,4,85.7,71,53,5.4,106,59.90%,"110,860",10.17,111.3,72.73%,1.62,101.90%,41.40%,3.7,$0.05 ,11.20%,53.60%,35.70%,35.70%,"8,739,135"
Curacao,Americas,2.9,78,"149,996",-1.6,"$3,490,000,000.00 ",17717.59648,502,0.52,2.1,2.6,5.2,19.5,0.2,100,100,100,0,17,4.4,47.1,68,43.8,3.7,355,2.70%,444,11.7,107.2,5.80%,1.65,99.40%,16.00%,5.3,$6.89 ,9.80%,61.70%,19.80%,19.80%,"163,800"
Cyprus,Asia,0,81,"1,251,488",0.6,"$24,564,647,935.00 ",31552.03516,"1,995",0.8,5.6,7,8.4,1.8,5.5,18.7,100,35,8.8,77,1,102.9,91,14,39.1,131,12.20%,"9,251",10.46,102.51,0.30%,1.33,99.30%,75.90%,1.9,$11.87 ,43.90%,63.10%,24.50%,22.40%,"800,708"
Czechia,Europe,0,77,"10,526,073",0.2,"$246,489,245,495.00 ",26822.51419,"3,621",0.8,2.5,2.4,15.1,1.4,8.3,34.7,100,10,9.2,85,0,42.8,83,26,3.6,139,45.20%,"78,867",10.7,116.48,2.80%,1.69,100.70%,64.10%,2.7,$3.00 ,14.80%,60.60%,14.90%,46.10%,"7,887,156"
Dem. Rep. Congo,Africa,69.7,59,"99,010,212",3.2,"$47,319,624,204.00 ",577.2092152,"-64,643",0.4,8.9,5,2.9,2.9,0,55.6,20.8,0,0.1,13,5.5,75.6,23,13,3,40,11.60%,"2,344,858",41.18,133.85,2.90%,5.92,108.00%,6.60%,68.2,$0.18 ,37.40%,63.50%,10.70%,50.70%,"39,095,679"
Denmark,Europe,0.2,81,"5,903,037",0.8,"$348,078,018,464.00 ",68007.75667,"22,746",0.8,3.8,4.2,7.7,0.3,4.7,15.7,100,16,65.4,92,1,36.4,99,44,7.1,137,62.00%,"43,094",10.6,110.35,0.80%,1.73,101.30%,80.60%,3.6,$20.05 ,13.70%,62.20%,32.40%,23.80%,"5,119,978"
Djibouti,Africa,19.1,62,"1,120,849",1.4,"$3,318,716,359.00 ",3050.306282,742,0.48,3,27.9,5.2,1.6,0.4,0.3,65.4,6,100,37,12,90.3,69,26,4.9,43,73.40%,"23,200",21.47,120.25,3.30%,2.73,75.30%,5.30%,49.8,$1.70 ,20.40%,60.20%,19.50%,37.90%,"758,549"
Dominica,Americas,2,73,"72,737",0.4,"$596,033,333.00 ",7668.158132,57,0.5,5.9,8,-0.7,8.5,2.3,63.8,100,10,100,99,14,68.6,81,34,6.1,96,33.30%,751,12,103.87,1.00%,1.9,114.70%,7.20%,32.9,$1.48 ,28.40%,64.90%,22.10%,32.60%,"50,830"
Dominican Rep.,Americas,0.9,73,"11,228,821",1,"$88,941,298,258.00 ",8476.749688,"-14,966",0.5,4.9,7.1,8.8,9,2.1,44.4,98.1,30,5.3,85,11,68.7,85,28,3.5,225,48.70%,"48,670",19.51,135.5,1.80%,2.35,105.70%,59.90%,24.1,$0.40 ,43.70%,64.30%,13.00%,48.80%,"8,787,475"
Ecuador,Americas,3.6,74,"18,001,000",1.1,"$107,435,665,000.00 ",5965.132871,"35,894",0.6,2.9,4,3.5,4.1,2,50.3,100,2,2.1,42,14,60.3,76,39,0.7,71,22.20%,"283,561",19.72,124.14,0.30%,2.43,103.30%,44.90%,12.2,$2.46 ,43.70%,68.00%,12.90%,34.40%,"11,116,711"
Egypt,Africa,1.5,70,"110,990,103",1.6,"$303,175,127,598.00 ",3886.722498,"-32,370",0.5,6.6,7,13.9,6.8,2,0,100,"7,750",0.9,67,1,85.8,72,28,1.2,103,3.80%,"1,001,450",26.38,288.57,9.20%,3.33,106.30%,35.20%,18.1,$1.70 ,62.00%,46.40%,12.50%,44.40%,"42,895,824"
El Salvador,Americas,3.6,71,"6,336,392",0.4,"$27,022,640,000.00 ",4664.311223,"-27,343",0.5,2.6,3.8,7.2,23.7,1,28.2,97.9,2,35.2,67,18,65.5,63,27,0,313,76.40%,"21,041",18.25,111.23,0.10%,2.04,94.80%,29.40%,11.8,$0.50 ,27.90%,59.10%,18.10%,36.40%,"4,694,702"
Equatorial Guinea,Africa,35.7,61,"1,674,908",2.4,"$11,026,774,945.00 ",7506.667861,"6,486",0.56,3.1,8.7,4.8,0,2.7,87.3,66.8,0,0,49,11.4,70.3,54,31,4,50,10.10%,"28,051",33.24,124.35,1.20%,4.51,61.80%,1.90%,62.6,$1.05 ,72.00%,62.00%,6.10%,79.40%,"984,812"
Eritrea,Africa,82.4,67,"3,684,032",1.7,"$2,065,001,626.00 ",715,"-14,988",0.46,8.7,6.6,16.4,0,0.2,8.7,52.5,21,0.5,43,15,187.7,22,22,1.9,35,75.20%,"117,600",30.3,110.6,17.90%,4.06,68.40%,3.40%,31.3,$0.14 ,52.40%,78.40%,11.50%,83.70%,"1,149,670"
Estonia,Europe,0.3,77,"1,344,768",1,"$31,386,949,981.00 ",27943.70122,"2,995",0.8,-1.3,5.9,19.4,1.2,5.3,57,100,7,14.2,93,2,23.7,91,26,3.8,31,23.10%,"45,228",10.9,122.14,2.30%,1.59,97.20%,69.60%,2.1,$3.14 ,22.80%,63.60%,20.90%,47.80%,"916,024"
eSwatini,Africa,36.1,57,"1,201,670",0.8,"$3,791,304,348.00 ",3982.905229,"-4,897",0.4,3.9,24.4,2.6,3,1,28.9,82.9,40,0,80,13,43.9,59,14,2.4,67,7.80%,"17,364",30,109,7.40%,3.35,99.50%,7.00%,35.7,$0.88 ,11.30%,66.90%,28.60%,30.00%,"410,700"
Ethiopia,Africa,27,65,"123,379,924",2.5,"$96,107,662,398.00 ",925.0006972,"-1,391",0.4,5.3,4,26.8,0.3,0.2,15.1,54.2,9,7.3,7,9,31.4,17,41,3.8,115,36.30%,"1,104,300",32.34,143.86,15.80%,4.25,101.00%,8.10%,39.1,$0.14 ,37.80%,79.60%,7.50%,37.70%,"23,788,710"
Faroe Islands,Europe,0,83,"53,090",0.4,"$2,630,000,000.00 ",69010.1662,0,0.84,5.6,1,7.1,0,15.24,0.1,100,0.13,100,100,0,15.1,98,40,0,35,2.30%,"1,393",13.9,108.1,6.20%,2.17,100.00%,53.90%,2.2,$17.70 ,12.20%,72.90%,21.70%,21.70%,"48,400"
Federated States Of Micronesia,Oceania,16,71,"114,164",0.9,"$401,932,279.00 ",3571.336769,-635,0.5,-0.6,11.5,5.4,0,1,92,83.6,0.17,100,99,1,25.4,40,7,6.3,784,31.40%,702,22.82,112.1,0.50%,3.05,97.20%,14.10%,25.6,$6.03 ,2.50%,59.50%,25.20%,60.50%,"25,963"
Fiji,Oceania,1.3,67,"929,766",0.6,"$5,535,548,972.00 ",4646.537921,"-6,003",0.5,16.1,4.3,4.5,9.3,1.1,62.4,92.1,0,70.8,99,2,47.5,88,20,2.1,49,23.30%,"18,274",21.28,132.3,1.80%,2.77,106.40%,16.10%,21.6,$1.28 ,21.40%,57.60%,24.20%,32.10%,"505,048"
Finland,Europe,0,82,"5,556,880",0.3,"$268,761,201,365.00 ",53489.75202,"14,928",0.8,2.1,6.8,7.1,0.2,6.6,73.7,100,3,20.1,84,2,70.7,93,46,2.6,18,7.50%,"338,145",8.6,112.33,1.00%,1.41,100.20%,88.20%,1.4,$13.76 ,19.90%,59.10%,20.80%,36.60%,"4,716,888"
France,Europe,0.1,82,"67,935,660",0.3,"$2,715,518,274,227.00 ",43658.97898,"20,614",0.8,2.6,7.4,5.2,1.1,4,31.5,100,13,6.2,79,1,116.5,86,37,3.5,119,52.40%,"643,801",11.3,110.05,1.10%,1.88,102.50%,65.60%,3.4,$11.16 ,6.80%,55.10%,24.20%,60.70%,"54,123,364"
French Polynesia,Oceania,0,79,"306,279",0.7,"$5,560,000,000.00 ",19999.07676,-378,0.78,2.4,13.1,7,0,6.08,43.1,100,0.33,99.5,99,0,27.4,73,38.1,0.4,74,2.20%,"4,167",17.8,108,4.60%,2.11,99.40%,26.20%,4.6,$11.08 ,9.80%,59.20%,27.90%,27.90%,"279,600"
Gabon,Africa,2.5,66,"2,388,992",2,"$16,657,960,228.00 ",8635.797144,"1,516",0.5,3,21.5,4.2,0,2.3,91.3,91.8,0,0.6,39,13.8,81.7,72,15,8.1,9,20.00%,"267,667",31.61,122.19,2.10%,3.97,139.90%,8.30%,32.7,$1.46 ,25.90%,52.90%,10.20%,47.10%,"1,949,694"
Georgia,Asia,5.5,72,"3,712,502",0.1,"$17,743,195,770.00 ",5023.274384,"-2,734",0.6,10.1,11.3,11.9,16.7,2.8,40.6,100,3,0,34,2,55.4,76,19,6.8,57,34.50%,"69,700",13.47,133.61,4.90%,2.06,98.60%,63.90%,8.7,$0.05 ,57.30%,68.30%,21.70%,9.90%,"2,196,476"
Germany,Europe,0,81,"84,079,811",1.1,"$3,845,630,030,824.00 ",51203.55447,"312,735",0.8,1.8,3,6.9,0.5,7.3,32.7,100,23,26.3,97,1,65.5,91,35,1.2,240,47.70%,"357,022",9.5,112.85,1.40%,1.56,104.00%,70.20%,3.1,$9.99 ,12.50%,60.80%,11.50%,48.80%,"64,324,835"
Ghana,Africa,25.2,64,"33,475,870",1.9,"$66,983,634,224.00 ",2410.877309,"-11,253",0.5,3.2,3.9,31.3,6.4,0.6,35.1,86.3,5,0,13,2,77,68,15,3.3,137,69.00%,"238,533",29.41,268.36,7.20%,3.87,104.80%,15.70%,34.9,$0.27 ,36.10%,67.80%,12.60%,55.40%,"17,249,054"
Gibraltar,Europe,0,79,"32,649",-0.1,"$3,320,000,000.00 ",92843,-58,0.84,7.2,2,8.1,1.3,8.55,0,100,100,0,99,3,27.9,94,20,1.9,"5,448",0.00%,6.8,12,108.7,6.10%,1.71,99.90%,0.03%,2.6,$12.04 ,8.90%,68.60%,30.90%,30.90%,"32,500"
Greece,Europe,0.8,80,"10,566,531",-0.7,"$209,852,761,469.00 ",20192.5963,"-14,806",0.7,5.9,12.2,9.6,0.3,4.8,30.3,100,17,16.9,92,1,237.1,78,21,3.1,81,47.60%,"131,957",8.1,101.87,0.20%,1.35,99.60%,136.60%,3.6,$4.46 ,35.50%,51.80%,26.20%,51.90%,"8,507,474"
Greenland,Americas,10.8,71,"56,661",0,"$2,750,000,000.00 ",57116.41387,-62,0.74,1.3,6,7.3,6.4,11.18,0,100,0,99,92,5,20.7,69,47.1,0,0.14,0.10%,"2,166,086",15.8,109.2,8.60%,2.24,99.50%,27.00%,5.2,$11.08 ,13.00%,64.30%,28.30%,28.30%,"58,700"
Grenada,Americas,2.9,75,"125,438",0.7,"$1,228,170,370.00 ",9010.5128,-85,0.6,5.8,13,1.2,5.5,2.6,52.1,93.7,7,100,99,4,105.1,78,31,12.8,331,23.50%,349,16.47,107.43,0.80%,2.06,106.90%,104.60%,13.7,$2.23 ,57.00%,64.80%,19.40%,47.80%,"40,765"
Guam,Oceania,0,77,"171,774",0.7,"$5,970,000,000.00 ",35904.86355,-244,0.8,1.1,6.1,4.7,6.8,12.38,51.9,100,100,0,99,4,63.3,81,33.3,0,318,5.60%,544,15.8,109.3,4.10%,2.23,99.40%,21.50%,5.6,$11.17 ,10.30%,59.40%,21.00%,21.00%,"168,800"
Guatemala,Americas,9.5,69,"17,357,886",1.4,"$76,710,385,880.00 ",5029.477338,"-29,118",0.5,4.1,2.6,6.9,19.1,1,32.9,97.9,3,25.3,63,20,25.2,51,19,4.2,167,36.00%,"108,889",24.56,142.92,3.70%,2.87,101.90%,21.80%,22.1,$1.60 ,55.80%,62.30%,10.60%,35.20%,"8,540,945"
Guinea,Africa,13.8,59,"13,859,341",2.4,"$13,590,281,809.00 ",1189.175999,"-4,367",0.4,4.7,5.7,10.5,0.2,0.3,25.2,46.8,0,0,18,12.9,75.2,35,30,1.2,53,59.00%,"245,857",36.36,262.95,9.50%,4.7,91.50%,11.60%,64.9,$1.00 ,54.50%,61.50%,10.80%,69.30%,"4,661,505"
Guinea-Bissau,Africa,21.7,60,"2,105,566",2.2,"$1,340,389,411.00 ",795.118605,"-1,395",0.41,3.5,3.6,9.4,10.9,0.2,70.4,35.8,1,0,12,1,59.9,35,14,1.1,70,58.00%,"36,125",35.13,111.65,1.40%,4.48,118.70%,2.60%,54,$0.16 ,37.20%,72.00%,10.30%,45.50%,"840,922"
Guyana,Americas,24.7,66,"808,726",0.5,"$4,280,443,645.00 ",9998.544311,"-4,316",0.5,57.8,12.4,5,2.6,3.5,93.6,92.9,1,100,99,16,69,85,35,27.8,4,8.60%,"214,969",19.97,116.19,2.10%,2.46,97.80%,11.60%,25.1,$0.98 ,40.50%,56.20%,23.10%,30.60%,"208,912"
Haiti,Americas,29.2,63,"11,584,996",1.2,"$8,498,981,821.00 ",1823.742224,"-32,977",0.4,-1.7,14.8,34,22.4,0.3,12.6,47.2,11,0,38,13,63.6,39,3,0.2,414,66.80%,"27,750",24.35,179.29,12.50%,2.94,113.60%,1.10%,49.5,$0.25 ,36.30%,67.20%,10.00%,42.70%,"6,328,948"
Honduras,Americas,12.7,70,"10,432,860",1.5,"$25,095,395,475.00 ",2771.722616,"-5,779",0.5,4,7.1,9.1,26.8,0.9,56.8,94.1,2,16.2,50,38,65.6,48,27,3.4,89,28.90%,"112,090",21.6,150.34,4.40%,2.46,91.50%,26.20%,15.1,$1.01 ,49.10%,68.80%,17.30%,39.10%,"5,626,433"
Hong Kong Sar China,Asia,0,85,"7,346,100",-0.9,"$359,840,000,000.00 ",49764.79312,0,0.8,-3.5,5.1,1.9,0.1,6.26,22.5,100,4,0.3,86,0,19.2,93,24.2,33.6,"7,417",1.90%,"1,104",7.8,104.6,0.20%,0.98,99.50%,45.90%,1.9,$7.07 ,5.20%,55.60%,13.80%,13.80%,"7,133,498"
Hungary,Europe,0.4,74,"9,683,505",-0.3,"$160,967,157,504.00 ",18772.14111,"19,870",0.7,4.6,3.4,14.6,2,4.6,22.5,100,78,9.8,88,1,86.9,89,14,-7.3,107,58.40%,"93,028",9.6,121.64,3.30%,1.54,100.80%,48.50%,3.6,$2.62 ,29.00%,56.50%,23.00%,37.90%,"6,999,582"
Iceland,Europe,0,83,"381,900",2.5,"$24,188,035,739.00 ",68594.0081,622,0.7,6.4,3.8,8.3,0.7,3.9,0.5,100,0,26.7,84,1,96.9,100,48,3.5,3,18.70%,"103,000",12,129,3.00%,1.71,100.40%,71.80%,1.5,$21.13 ,17.00%,75.00%,23.30%,31.90%,"339,110"
India,Asia,10,67,1.42,0.7,"$2,611,000,000,000.00 ",2238.127139,"-301,970",0.5,7,7.3,6.7,3.3,1.6,24.3,99.6,45,5.4,46,3,46.5,46,15,1.5,464,60.40%,"3,287,263",17.86,180.44,7.70%,2.22,113.00%,28.10%,29.9,$0.30 ,65.10%,49.30%,11.20%,49.70%,"471,031,528"
Indonesia,Asia,2.5,68,"275,501,339",0.6,"$1,119,190,780,753.00 ",4334.215983,"-14,992",0.5,5.3,3.6,4.2,0.8,2.1,49.1,99.2,11,4.8,63,1,44.4,62,22,1.6,151,31.50%,"1,904,569",18.07,151.18,3.00%,2.31,106.40%,36.30%,21.1,$0.48 ,48.30%,67.50%,10.20%,30.10%,"151,509,724"
Iran,Asia,1,74,"88,550,570",0.7,"$445,345,282,123.00 ",4084.200305,"28,080",0.6,2.7,11,43.4,0.5,7.1,6.6,100,72,0.1,97,2,37.6,79,6,0.4,52,28.20%,"1,648,195",18.78,550.93,39.90%,2.14,110.70%,68.10%,12.4,$1.58 ,39.70%,44.70%,7.40%,44.70%,"62,509,623"
Iraq,Asia,0.1,70,"44,496,122",2.2,"$234,094,042,939.00 ",4770.835343,"-60,097",0.4,7,15.5,5,0.2,3.8,1.9,100,161,0,43,9,27.4,49,29,-1.3,93,21.40%,"438,317",29.08,119.86,0.40%,3.67,108.70%,16.20%,22.5,$1.24 ,76.50%,43.00%,2.00%,30.80%,"27,783,368"
Ireland,Europe,0.1,82,"5,086,988",1.1,"$388,698,711,348.00 ",100172.0793,"15,320",0.8,12,4.4,7.8,0.1,6.8,11.4,100,3,25.1,83,0,65.4,95,23,2.8,72,64.50%,"70,273",12.5,106.58,0.90%,1.75,100.90%,77.80%,3.1,$10.79 ,15.20%,62.10%,18.30%,26.10%,"3,133,123"
Israel,Asia,0,81,"84,519",0.3,"$395,098,666,122.00 ",52171,517,0.81,-8.8,1.8,8.1,0.5,10.11,6.1,100,0,0,100,0,31.1,98.2,36.4,2.5,400,24.60%,"20,770",20.8,108.15,0.80%,3.09,104.90%,63.40%,3,$7.58 ,24.40%,64.00%,23.10%,25.30%,"8,374,393"
Italy,Europe,0.8,83,"58,856,847",-0.4,"$2,001,244,392,042.00 ",35770.04961,"28,021",0.7,3.7,8.1,8.2,0.5,4.7,32.3,100,18,22.5,96,1,150.8,75,32,1.6,206,43.20%,"301,340",7.3,110.62,0.60%,1.29,101.90%,61.90%,2.6,$19.45 ,22.80%,49.60%,24.30%,59.10%,"42,651,966"
Jamaica,Americas,1.2,71,"2,827,377",0,"$16,458,071,068.00 ",5183.5811,"-5,664",0.5,4.2,6,10.3,21.6,2.1,55.1,100,12,7.1,96,52,106.3,82,29,1.9,273,41.00%,"10,991",16.1,162.47,3.90%,1.98,91.00%,27.10%,12.4,$1.33 ,23.70%,66.00%,26.80%,35.10%,"1,650,594"
Japan,Asia,0.7,84,"125,124,989",-0.4,"$5,081,769,542,380.00 ",39827.12677,"87,584",0.8,1,2.6,2.5,0.1,8,68.4,100,18,7.8,81,0,217.6,83,10,1.1,347,12.30%,"377,944",7.4,105.48,0.50%,1.42,98.80%,63.20%,1.8,$6.77 ,13.10%,61.70%,11.90%,46.70%,"115,782,416"
Jordan,Asia,0,74,"11,285,869",1.2,"$43,743,661,972.00 ",4046.931467,"14,374",0.6,2.5,17.9,4.2,9.8,1.9,1.1,99.9,138,0.7,82,1,76.2,83,12,1.4,115,12.00%,"89,342",21.98,125.6,0.80%,2.76,81.50%,34.40%,13.9,$1.49 ,25.10%,39.30%,15.10%,28.60%,"9,213,048"
Kazakhstan,Asia,0,70,"19,621,972",3.2,"$180,161,741,180.00 ",10373.78979,"-18,917",0.6,3.2,5,8,0.2,11.3,1.3,100,38,0.2,97,3,22.4,91,27,2.2,7,80.40%,"2,724,900",21.77,182.75,5.20%,2.84,104.40%,61.70%,8.8,$0.41 ,38.80%,68.80%,11.70%,28.40%,"10,652,915"
Kenya,Africa,29.4,61,"54,027,487",1.9,"$95,503,088,538.00 ",2069.661137,"-52,549",0.5,4.8,5.5,7.7,3.6,0.4,6.3,76.5,19,48.3,39,5,69.3,29,23,0.4,94,48.50%,"580,367",28.75,180.51,4.70%,3.49,103.20%,11.50%,30.6,$0.25 ,33.40%,74.70%,15.10%,37.20%,"14,461,523"
Kiribati,Oceania,1.7,67,"131,232",1.8,"$194,647,202.00 ",1766.143945,-296,0.5,1.6,8,-1.8,6.7,0.4,1.5,92.8,0.05,100,27,7,52.2,54,7,0.5,147,42.00%,811,27.89,99.55,0.60%,3.57,101.30%,0.10%,41.2,$1.47 ,0.20%,67.30%,22.00%,32.70%,"64,489"
Kosovo,Europe,0.4,77,"1,761,985",-1.4,"$9,260,000,000.00 ",5269.783901,"-15,050",0.6,3.5,10,11.6,17.1,5.34,39.7,99.9,0.19,0,99,2,48.5,89,38.5,8.6,176,39.90%,"10,908",13.9,107.9,12.30%,1.84,99.80%,33.90%,4.8,$1.90 ,6.20%,55.10%,16.30%,16.30%,"1,427,800"
Kuwait,Asia,0,79,"4,268,873",0.4,"$134,761,198,946.00 ",32186.76541,"-36,843",0.6,8.2,2.5,3.4,0,21.2,0.4,100,100,0,100,0,7.3,100,6,0.4,240,8.40%,"17,818",13.94,126.6,1.10%,2.08,92.40%,54.40%,6.7,$0.95 ,14.40%,73.50%,1.40%,13.00%,"4,207,083"
Kyrgyzstan,Asia,1.3,72,"6,803,300",1.7,"$8,454,619,608.00 ",1306.177992,"-16,510",0.6,7,4.6,13.9,27.9,1.4,6.9,99.7,16,0,92,2,59.6,78,20,2.6,34,55.00%,"199,951",27.1,155.68,1.10%,3.3,107.60%,41.30%,16.9,$0.09 ,48.20%,59.80%,18.00%,29.00%,"2,362,644"
Laos,Asia,7.1,68,"7,529,475",1.4,"$18,173,839,128.00 ",2535.623434,"-10,303",0.5,2.7,2.6,23,1.3,2.6,71.9,100,4,100,61,2.5,69.5,62,22,5.7,32,10.30%,"236,800",23.55,135.87,3.30%,2.67,102.40%,15.00%,37.6,$0.83 ,45.40%,78.50%,12.90%,24.10%,"2,555,552"
Latvia,Europe,0.5,73,"1,883,379",-0.1,"$34,117,202,555.00 ",21080.17745,"-6,815",0.7,2,6.4,17.3,3.2,3.6,54.8,100,1,16.6,83,3,52.5,91,30,3,30,31.10%,"64,589",10,116.86,2.80%,1.6,99.40%,88.10%,3.3,$2.80 ,41.60%,61.40%,22.90%,38.10%,"1,304,943"
Lebanon,Asia,0,75,"5,489,739",-1.9,"$53,367,042,272.00 ",4136.146575,"-115,122",0.5,-7,12.6,154.8,27.5,3.8,14,100,38,0,16,2,150.6,87,6,2.6,667,64.30%,"10,400",17.55,130.02,3.00%,2.09,95.10%,26.30%,6.4,$2.15 ,32.10%,47.00%,15.30%,32.20%,"6,084,994"
Lesotho,Africa,32.4,53,"2,305,825",1.1,"$2,460,072,444.00 ",1040.308623,"-1,490",0.4,0.6,18,8.3,22.5,1,1.1,50.4,1,0,48,38,2.9,48,26,-0.3,71,77.60%,"30,355",26.81,155.86,5.20%,3.14,120.90%,10.20%,65.7,$0.41 ,16.90%,67.90%,31.60%,13.60%,"607,508"
Liberia,Africa,27.6,61,"5,302,681",2.1,"$3,070,518,100.00 ",675.6631858,"-11,862",0.3,4.8,3.6,23.6,8.8,0.2,79.1,29.8,0,0,30,3,20.3,34,11,1.3,53,28.00%,"111,369",33.04,223.13,23.60%,4.32,85.10%,11.90%,53.5,$0.17 ,19.60%,76.30%,12.90%,46.20%,"2,548,426"
Libya,Africa,24.9,72,"6,812,341",1.1,"$52,076,250,948.00 ",5908.951323,-696,0.62,-1.2,20.7,2.6,0,6.7,0.1,70.2,817,0,22,12.8,90.9,18,16,0,4,8.70%,"1,759,540",18.83,125.71,2.60%,2.24,109.00%,60.50%,10.2,$1.88 ,36.70%,49.70%,6.60%,32.60%,"5,448,597"
Liechtenstein,Europe,0,84,"39,327",0.7,"$6,552,858,739.00 ",184083.3214,231,0.87,-1.2,2.1,2.4,19.6,3.7,41.9,100,0,100,99,5,33.1,96,28,"-1,303.10",238,32.20%,160,9.9,108.4,1.30%,1.44,104.70%,35.60%,2.1,$24.13 ,13.10%,70.70%,30.90%,21.60%,"5,464"
Lithuania,Europe,0.2,74,"2,833,000",1.1,"$54,219,315,600.00 ",23712.53578,"-11,853",0.7,1.9,5.6,19.7,1,4.2,35.1,100,2,31.2,94,3,48.9,87,28,1,43,47.20%,"65,300",10,118.38,2.30%,1.63,103.90%,72.40%,3.3,$2.41 ,32.10%,61.60%,16.90%,42.60%,"1,891,013"
Luxembourg,Europe,0,83,"650,774",1.7,"$71,104,919,108.00 ",133590.147,"6,949",0.7,1.5,4.7,6.3,2.7,12.5,34.5,100,5,24.9,97,1,24.2,99,33,-10.6,242,53.70%,"2,586",10.3,115.09,1.70%,1.37,102.30%,19.20%,1.9,$13.05 ,10.60%,59.30%,26.50%,20.40%,"565,488"
Macao Sar China,Asia,0,85,"695,168",1.2,"$58,050,000,000.00 ",43873.41716,"4,004",0.8,-26.8,2.6,1,0.1,8.31,21.4,100,100,0,67,0,4,88,12.5,16.1,"21,322",0.00%,32.9,9.7,105.8,1.30%,1.28,100.00%,30.10%,2.7,$9.77 ,6.20%,62.00%,11.00%,11.00%,"648,630"
Madagascar,Africa,80.7,64,"29,611,714",2.4,"$14,083,906,357.00 ",503.3520811,-742,0.4,3.8,2.1,8.2,4.8,0.1,21.4,35.1,4,99.4,10,6.9,43.3,20,19,2.5,48,71.20%,"587,041",32.66,184.33,5.60%,4.08,142.50%,5.40%,38.2,$0.21 ,21.70%,86.10%,10.20%,38.30%,"10,210,849"
Malawi,Africa,70.1,63,"20,405,317",2.6,"$7,666,704,427.00 ",633.6097333,"-1,775",0.4,0.9,5.6,21,2,0.1,23.8,14.2,8,99.6,24,2,44.9,24,23,0.4,203,61.40%,"118,484",34.12,418.34,9.40%,4.21,142.50%,0.80%,35.3,$0.12 ,11.00%,76.70%,17.30%,34.50%,"3,199,301"
Malaysia,Asia,0,75,"33,938,221",1.1,"$364,701,517,788.00 ",11109.26529,"46,165",0.6,8.7,3.7,3.4,0.4,7.4,58.2,100,1,0.7,77,1,63.4,97,14,3.7,99,26.30%,"329,847",16.75,121.46,0.70%,2,105.30%,45.10%,6.7,$0.93 ,36.70%,64.30%,12.00%,38.70%,"24,475,766"
Maldives,Asia,0,80,"523,787",0.4,"$5,729,248,472.00 ",10366.25678,"1,189",0.68,12.3,4.9,2.3,0.1,2.8,2.7,100,16,100,100,1,46.2,86,5,11.7,"1,802",26.30%,298,14.2,99.7,0.20%,1.87,97.10%,31.20%,7.4,$2.13 ,16.40%,69.80%,19.50%,30.20%,"213,645"
Mali,Africa,14.8,59,"22,593,590",3.1,"$17,510,141,171.00 ",881.5100886,"-22,236",0.3,3.7,2.8,3.9,5.8,0.2,10.9,53.4,9,0,20,10.9,73.7,34,29,3.3,17,33.80%,"1,240,192",41.54,108.73,-1.70%,5.88,75.60%,4.50%,62,$0.23 ,46.30%,70.80%,11.60%,54.50%,"8,479,688"
Malta,Europe,0.3,83,"523,417",0.9,"$14,786,156,563.00 ",34218.21474,"10,408",0.7,6.9,2.8,6.2,1.3,3.1,1.4,100,82,7.7,92,0,59.1,87,28,27.2,"1,380",32.40%,316,9.2,113.45,1.60%,1.23,105.00%,54.30%,6.1,$5.07 ,37.10%,56.50%,26.20%,44.00%,"475,902"
Marshall Islands,Oceania,0.9,65,"41,569",-1.2,"$221,278,000.00 ",6172.145065,"-1,901",0.4,1.5,12,7,10.7,2.5,52.2,99.8,0.03,100,99,5.8,41.7,39,6,0.2,329,63.90%,181,29.03,109.1,6.30%,4.05,84.70%,23.70%,27.4,$2.00 ,10.00%,59.10%,17.80%,65.90%,"45,514"
Mauritania,Africa,6.5,64,"4,736,139",2.6,"$7,593,752,450.00 ",2166.044797,"-1,494",0.4,5.2,11.1,9.5,1.6,0.9,0.3,47.7,337,0,35,1,57.7,59,20,10.7,5,38.50%,"1,030,700",33.69,135.02,2.30%,4.56,99.90%,5.00%,51.5,$0.53 ,48.20%,45.90%,11.10%,67.00%,"2,466,821"
Mauritius,Africa,0.1,74,"1,262,523",-0.3,"$14,180,444,557.00 ",9062.722476,-478,0.6,8.7,7.2,10.8,2.1,2.9,19.1,99.6,22,18.7,100,3,58,68,20,2.2,626,42.40%,"2,040",10.2,129.91,0.40%,1.41,101.10%,40.60%,13.6,$0.38 ,50.70%,58.30%,19.10%,22.20%,"515,980"
Mexico,Americas,3.1,70,"127,504,125",0.6,"$1,258,286,717,125.00 ",10045.67637,"-52,649",0.6,3.1,3.3,7.9,4.3,3,33.8,100,22,5.5,57,28,46.3,76,50,2.7,66,54.60%,"1,964,375",17.6,141.54,3.60%,2.13,105.80%,40.20%,11,$0.49 ,41.40%,60.70%,13.10%,55.10%,"102,626,859"
Moldova,Europe,0,69,"2,592,477",-0.9,"$11,955,435,457.00 ",5235.636044,"-14,278",0.6,-5.9,2.3,28.7,14.1,3.3,11.8,100,52,0.3,97,3,32.1,61,41,4.1,123,74.20%,"33,851",10.1,166.2,4.80%,1.26,90.60%,39.80%,13.6,$0.31 ,46.20%,43.10%,17.70%,38.70%,"1,135,502"
Monaco,Europe,0,89.64,"36,469",-0.6,"$7,184,844,193.00 ",234317.0848,206,0.94,21.6,1,3.9,7.3,10.81,0,100,100,100,100,0,34.8,86,33,10.7,"26,337",0.00%,2,5.9,109.4,6.00%,1.68,99.50%,51.00%,2.6,$11.72 ,6.10%,61.60%,34.50%,34.50%,"38,964"
Mongolia,Asia,0.7,71,"3,398,366",1.5,"$13,852,850,259.00 ",4566.140131,0,0.6,4.8,8.2,15.1,2.4,6.4,9.1,100,1,3.1,56,6,67.6,84,17,14.9,2,71.50%,"1,564,116",24.13,195.76,7.30%,2.9,104.00%,65.60%,14,$0.65 ,39.30%,59.70%,16.80%,25.70%,"2,210,626"
Montenegro,Europe,2.8,74,"616,159",-0.5,"$5,494,736,901.00 ",9465.966408,-101,0.6,6.1,15.4,13,13.6,4.1,61.5,99.8,1.5,0,45,2,78.2,82,27,14.3,47,19.00%,"13,812",11.73,116.32,2.60%,1.75,100.00%,56.10%,2.3,$1.23 ,31.80%,54.40%,26.10%,22.20%,"417,765"
Morocco,Africa,1.4,74,"37,457,971",1,"$118,725,279,596.00 ",3795.386963,"-46,242",0.5,1.1,10.5,6.7,8.3,1.8,12.9,100,36,8.2,39,2,51.2,88,24,1.6,83,68.50%,"446,550",18.94,111.07,0.20%,2.42,113.90%,35.90%,19.2,$1.60 ,53.10%,45.30%,21.90%,45.80%,"22,975,026"
Mozambique,Africa,64.6,59,"32,969,518",2.7,"$14,934,159,926.00 ",491.8390749,"-9,515",0.4,4.1,3.9,10.3,1.7,0.2,46.7,31.5,1,0,35,4,86.2,17,42,14.2,40,63.50%,"799,380",37.52,182.31,2.80%,4.85,112.60%,7.30%,54,$0.27 ,6.80%,78.10%,0.00%,36.10%,"11,092,106"
Myanmar,Asia,2,66,"54,179,306",0.7,"$76,085,852,617.00 ",1210.540688,"-35,382",0.5,3,1.5,8.8,3.2,0.6,43.7,72.5,3,0,61,28,0,44,15,3.2,83,19.50%,"676,578",17.55,168.18,8.80%,2.15,112.30%,18.80%,36.8,$0.39 ,73.90%,61.70%,5.40%,31.20%,"16,674,093"
Namibia,Africa,15.6,59,"2,567,012",1.4,"$12,366,527,719.00 ",4919.188955,"-4,301",0.4,4.6,20.8,6.1,0.4,1.6,8.1,55.2,5,0,82,12,4.6,53,44,7.4,3,47.10%,"824,292",28.64,157.97,3.70%,3.4,124.20%,22.90%,29,$1.29 ,8.30%,59.50%,27.10%,20.70%,"1,273,258"
Nauru,Oceania,1.7,64,"12,668",1.2,"$133,000,000.00 ",11632.69149,-66,0.63,2.4,9,-0.1,5,3.4,0,100,100,100,99,12.1,43.8,84,11,3.5,541,0.00%,21,24.1,109.5,4.40%,2.96,99.50%,0.01%,11.1,$7.50 ,11.50%,58.70%,24.20%,24.20%,"11,600"
Nepal,Asia,8.2,68,"30,547,580",1.7,"$30,641,380,604.00 ",1229.394205,"296,541",0.5,5.6,11.1,4.1,22.8,0.5,41.6,89.9,5,0.2,49,2,39.9,52,33,0.2,203,28.70%,"147,181",19.89,188.73,5.60%,1.92,142.10%,12.40%,26.7,$0.36 ,60.40%,83.80%,20.70%,41.80%,"5,765,513"
Netherlands,Europe,0,81,"17,703,090",1,"$909,070,395,161.00 ",57708.11121,"57,439",0.8,4.5,3.5,10,0.2,7.5,11,100,76,12.4,97,1,58.9,92,41,-0.3,508,53.30%,"41,543",9.7,115.91,2.60%,1.59,104.20%,85.00%,3.3,$10.29 ,12.30%,63.60%,23.00%,41.20%,"15,924,729"
New Caledonia,Oceania,0,79,"276,780",0.8,"$9,020,000,000.00 ",36668.42535,"-1,182",0.77,-2.1,12.3,0.6,0,20.68,45.8,100,0.38,85.7,99,3,29.7,82,35.7,-4.9,16,1.20%,"18,575",15.6,107.7,2.90%,2.09,99.40%,11.00%,4.7,$10.96 ,9.20%,59.00%,28.10%,28.10%,"280,200"
New Zealand,Oceania,2.7,82,"5,124,100",0.2,"$206,928,765,544.00 ",49996.42067,"38,220",0.8,2.2,3.3,7.2,0.3,6.2,37.6,100,3,24.6,82,3,51,96,50,3.2,18,40.50%,"268,838",11.98,114.24,1.60%,1.71,100.00%,82.00%,4.7,$11.49 ,12.60%,69.90%,29.00%,34.60%,"4,258,860"
Nicaragua,Americas,3.9,74,"6,948,392",1.4,"$12,520,915,291.00 ",2064.925116,"-10,384",0.5,3.8,5.6,10.5,20.6,0.7,28.3,86.3,1,43.6,73,11,50.4,57,52,8.3,55,42.10%,"130,370",20.64,162.74,5.40%,2.4,120.60%,17.40%,15.7,$0.54 ,36.00%,66.40%,15.60%,60.60%,"3,846,137"
Niger,Africa,50.6,62,"26,207,977",3.7,"$12,928,145,120.00 ",590.6294814,"-4,405",0.3,11.5,0.5,4.2,3.8,0.1,0.9,18.6,74,0.8,16,4,51.4,22,26,4,19,36.10%,"1,267,000",46.08,109.32,-2.50%,6.91,74.70%,4.40%,48,$0.29 ,52.30%,72.00%,11.80%,47.20%,"3,850,231"
Nigeria,Africa,30.9,53,"218,541,212",2.4,"$448,120,428,859.00 ",2065.749068,"218,541,212",0.4,3.3,5.8,18.8,4.2,0.5,23.7,59.7,6,0,31,22,37.5,55,4,0,226,77.70%,"923,768",37.91,267.51,11.40%,5.39,84.70%,10.20%,75.7,$0.54 ,72.20%,52.90%,1.50%,34.80%,"102,806,948"
North Korea,Asia,0.1,73,"26,069,416",0.4,"$32,100,000,000.00 ",654,"-1,589",0.69,0,3,250,0.5,2,50.1,52.6,13,0,28,0.5,51.1,0,18,0,214,21.80%,"120,538",13.89,109.6,50.00%,1.9,112.80%,27.00%,13.7,$5.50 ,2.70%,80.40%,2.00%,25.00%,"15,947,412"
North Macedonia,Europe,2.7,75,"2,057,679",-0.4,"$10,220,781,069.00 ",6694.641126,-486,0.6,2.1,15.1,14.2,3.4,3.3,39.7,100,30,2.9,12,1,56.9,83,42,6.4,83,40.30%,"25,713",13.2,107.6,7.20%,1.55,99.80%,33.90%,5.9,$2.19 ,35.60%,62.40%,16.10%,16.10%,"1,730,900"
Northern Mariana Islands,Oceania,12.5,80.49,"49,551",0.1,"$860,000,000.00 ",23707,-431,0.78,-29.7,10.3,7,25.5,13.13,53,100,100,0,99,6.2,74.5,82.5,14.3,0,155,1.80%,464,17.5,109,5.60%,1.55,99.00%,20.00%,3.4,$11.79 ,8.40%,54.40%,18.30%,18.30%,"49,800"
Norway,Europe,0.2,83,"5,457,127",0.9,"$403,336,363,636.00 ",90655.39102,"10,604",0.8,3.3,3.2,5.8,0.1,6.7,33.4,100,1,1.9,65,1,15.3,99,45,0.8,15,2.70%,"323,802",10.4,120.27,2.20%,1.56,100.30%,82.00%,2.1,$26.00 ,14.30%,63.80%,23.90%,36.20%,"4,418,218"
Oman,Asia,0,73,"4,576,298",1.2,"$76,983,094,928.00 ",19509.46646,"-20,664",0.6,4.3,2.3,2.8,0,15.6,0,100,117,0,99,0,41.6,96,2,4.6,16,4.60%,"309,500",19.19,113.53,0.10%,2.89,103.40%,38.00%,9.8,$4.33 ,6.40%,72.40%,2.50%,27.40%,"4,250,777"
Pakistan,Asia,4.9,66,"235,824,862",1.9,"$304,400,000,000.00 ",1505.010193,"-471,395",0.4,6.2,6.4,19.9,7.9,0.8,4.8,94.9,345,0.8,24,4,66.8,21,20,0.4,287,47.80%,"796,095",28.25,182.32,10.60%,3.51,94.30%,9.00%,57.2,$0.69 ,66.50%,52.60%,9.20%,33.90%,"79,927,762"
Palau,Oceania,0,69,"18,055",0.2,"$283,994,900.00 ",12083.88815,3,0.6,-13.3,3,12.4,1.2,8.8,90,100,0,100,100,11,86.1,27,6,14.7,39,10.90%,459,14,118.17,1.30%,2.21,112.60%,54.70%,16.6,$3.00 ,21.80%,54.60%,21.30%,76.60%,"14,491"
Palestinian National Authority,Asia,0.5,83,"9,550,600",2,"$19,710,000,000.00 ",3664,"16,856",0.7,6.5,3.5,4.4,0.2,6.3,6.5,100,170,1.9,95,2,88.3,90,23,5.3,847,15.60%,"6,220",27.2,108.6,5.40%,4.36,99.30%,22.00%,20.7,$2.44 ,7.70%,47.80%,14.50%,14.50%,"3,653,200"
Panama,Americas,1.1,76,"4,408,581",1.3,"$66,800,800,000.00 ",15491.28979,"5,473",0.5,10.8,8.8,2.9,0.8,2.2,56.8,95.3,1,4.6,93,13,62,68,23,2.6,58,30.40%,"75,420",18.98,122.07,-0.40%,2.46,94.40%,47.80%,13.1,$1.53 ,30.50%,66.60%,11.20%,37.20%,"2,890,084"
Papua New Guinea,Oceania,39.7,65,"10,142,619",1.9,"$24,969,611,435.00 ",2644.537173,"10,695",0.4,4.6,2.8,4.5,0,0.6,79.2,20.9,0,77.6,31,9,48.7,32,2,0,20,2.60%,"462,840",27.07,155.99,3.60%,3.56,108.50%,1.80%,38,$1.16 ,5.80%,47.20%,13.60%,37.10%,"1,162,834"
Paraguay,Americas,0.7,70,"6,780,744",1.1,"$38,145,288,940.00 ",5959.441763,"-8,230",0.5,0.1,6.9,9.8,1.4,1.1,40.5,100,2,0,60,8,39.7,77,18,1.1,18,55.10%,"406,752",20.57,143.82,2.80%,2.43,104.40%,34.60%,17.2,$1.55 ,36.50%,72.10%,10.00%,35.00%,"4,359,150"
Peru,Americas,2.9,72,"34,049,588",1,"$226,848,050,820.00 ",6635.463923,"68,012",0.6,2.7,3.7,8.3,1.5,1.4,56.5,95.6,2,3.6,53,6,35.7,71,40,4.5,26,18.50%,"1,285,216",17.95,129.78,2.10%,2.25,106.90%,70.70%,11.1,$1.28 ,30.90%,77.60%,14.30%,36.80%,"25,390,339"
Philippines,Asia,3,69,"115,559,009",1.5,"$376,795,508,680.00 ",3460.539401,"-80,125",0.5,7.6,2.2,5.8,2.2,1.2,24.1,97.5,18,14.9,61,4,43.4,53,27,2.3,368,41.70%,"300,000",20.55,129.61,2.50%,2.58,107.50%,35.50%,22.5,$1.12 ,53.50%,59.60%,14.00%,43.10%,"50,975,903"
Poland,Europe,0.1,76,"37,561,599",-0.5,"$592,164,400,688.00 ",17999.83227,"-2,968",0.8,4.9,2.6,14.4,0.9,7.4,31,100,16,12.7,91,1,50.8,85,28,5.1,124,46.90%,"312,685",10.2,114.11,2.20%,1.46,100.00%,67.80%,3.8,$2.93 ,23.20%,56.70%,17.40%,40.80%,"22,796,574"
Portugal,Europe,0.5,81,"10,379,007",0.5,"$237,686,075,635.00 ",24598.47279,"27,295",0.8,6.7,5.8,7.8,1.9,3.8,36.2,100,16,30.6,85,1,119,82,37,3.1,111,39.50%,"92,212",8.5,110.62,0.30%,1.38,106.20%,63.90%,3.1,$3.78 ,27.70%,58.80%,22.80%,39.80%,"6,753,579"
Puerto Rico,Americas,0,80,"3,221,789",-1.3,"$113,440,000,000.00 ",32601.56564,"-7,408",0.81,3.4,6,5.9,6.2,9.16,56,100,12,9.1,33,17,95,78,46.7,0.1,431,16.70%,"9,104",10.8,111.2,5.50%,1.44,99.50%,47.50%,6.1,$7.86 ,8.40%,59.80%,15.10%,15.10%,"3,213,000"
Qatar,Asia,0,79,"2,695,122",0.3,"$183,466,208,791.00 ",66838.32764,"-30,801",0.6,4.8,0.1,5,0.4,31.7,0,100,446,0,97,0,48.7,100,4,0,248,5.80%,"11,586",9.54,115.38,-0.70%,1.87,103.80%,17.90%,5.8,$13.09 ,6.20%,86.80%,14.70%,11.30%,"2,809,071"
Romania,Europe,1.4,73,"18,956,666",-0.9,"$250,077,444,017.00 ",14927.11686,"-12,724",0.6,4.8,5.4,13.8,2.9,3.6,30.1,100,15,14.5,83,1,55.7,84,19,3.9,84,58.80%,"238,391",9.6,123.78,3.80%,1.71,85.20%,49.40%,6.1,$2.25 ,21.30%,54.70%,14.60%,20.00%,"10,468,793"
Russia,Europe,0,69,"143,555,736",0.1,"$1,699,876,578,871.00 ",12593.15723,"320,617",0.7,-2.1,4.7,6.7,0.1,11.2,49.8,100,2,0.1,61,7,20.9,88,16,-1.9,9,13.30%,"17,098,240",11.5,180.75,4.50%,1.57,102.60%,81.90%,6.1,$0.53 ,36.40%,61.80%,11.40%,46.20%,"107,683,889"
Rwanda,Africa,52,66,"13,776,698",2.3,"$10,122,472,590.00 ",821.2281941,"-6,112",0.4,8.2,13,17.7,3.6,0.1,11.2,48.7,6,99.9,70,4,63.5,30,61,3,525,73.40%,"26,338",31.7,151.09,3.40%,4.04,133.00%,6.70%,27,$0.45 ,26.00%,83.70%,14.30%,33.20%,"2,186,104"
S. Sudan,Africa,67.3,55,"10,913,164",1.5,"$11,997,800,751.00 ",752,"-31,885",0.3,-10.8,13,-6.7,9.5,0.2,11.3,7.7,3,0.6,21,14,132.7,7,32,0,18,6.50%,"644,329",35.01,"4,583.71",187.90%,4.7,73.00%,1.20%,63.7,$0.88 ,61.30%,72.40%,6.40%,31.40%,"2,201,250"
Saint Kitts And Nevis,Americas,1.1,72,"47,657",0.1,"$1,050,992,593.00 ",18082.68799,-90,0.6,9,7,2.7,3.4,4.8,42.3,100,51,100,99,29,57.6,79,31,3.1,205,23.10%,261,12.6,104.57,-1.00%,2.11,108.70%,86.70%,9.8,$3.33 ,56.60%,66.70%,18.50%,49.70%,"16,269"
Saint Lucia,Americas,5.1,71,"179,857",0.1,"$2,122,450,630.00 ",9414.137741,0,0.6,15.4,17.4,6.4,2.7,2.8,34,100,14,100,99,39,45.9,78,11,5.1,301,17.40%,616,12,110.13,1.90%,1.44,102.60%,14.10%,14.9,$2.23 ,48.40%,67.10%,18.20%,34.70%,"34,280"
Saint Vincent And The Grenadines,Americas,1.9,70,"103,948",-0.4,"$825,385,185.00 ",8360.101059,-379,0.5,5,19,5.7,7.3,2.1,73.2,100,8,100,99,31,53.7,85,18,18.4,284,25.60%,389,14.24,109.67,2.30%,1.89,113.40%,23.70%,14.8,$1.16 ,21.40%,65.90%,25.40%,37.00%,"58,185"
Samoa,Oceania,1.2,73,"222,382",1.6,"$850,655,017.00 ",3857.356685,-882,0.5,-6,10.3,11,33.6,1,58.2,98.3,0.1,100,48,6,59.8,78,13,0.6,70,12.40%,"2,831",24.38,117.56,1.00%,3.88,110.50%,7.60%,13.6,$0.78 ,11.50%,43.70%,25.50%,19.30%,"35,588"
San Marino,Europe,0,84.05,"33,660",-0.3,"$1,637,931,034.00 ",54982.45172,41,0.87,8.5,0,1,4.7,5.37,16.7,100,0.32,8,70,0,95.1,75,33,1,566,16.70%,61,6.8,110.63,1.00%,1.26,108.10%,42.50%,1.7,$13.61 ,18.30%,66.60%,18.10%,36.20%,"32,969"
Sao Tome And Principe,Africa,15.6,68,"227,380",1.9,"$429,016,605.00 ",2360.543554,-792,0.58,0.9,15.3,18,1.9,0.6,54.1,78.5,2,100,35,3,80.3,51,15,11.2,228,50.70%,964,31.54,185.09,7.90%,4.32,106.80%,13.40%,24.4,$1.38 ,11.70%,57.80%,14.60%,37.00%,"158,277"
Saudi Arabia,Asia,0.1,77,"36,408,820",1.3,"$792,966,838,162.00 ",24160.67605,"-153,883",0.6,8.7,5.6,2.5,0,14.3,0.5,100,974,0,59,1,20.3,100,20,0.7,16,80.80%,"2,149,690",17.8,118.4,-1.20%,2.32,99.80%,68.00%,6,$3.85 ,15.00%,55.90%,8.90%,15.70%,"28,807,838"
Senegal,Africa,9.3,67,"17,316,449",2.6,"$23,578,084,052.00 ",1633.560119,"-10,091",0.4,4.2,3.4,9.7,9.8,0.6,41.9,68,12,1.8,24,0,68.7,58,44,8.1,87,46.10%,"196,722",34.52,109.25,1.80%,4.63,81.00%,12.80%,31.8,$0.31 ,44.20%,45.70%,16.30%,44.80%,"7,765,706"
Serbia,Europe,1.6,73,"6,760,087",-1.1,"$51,409,167,351.00 ",9230.174447,243,0.7,2.3,9.5,12,8.8,6.7,31.1,100,63,0.1,18,1,59.9,81,37,7.2,100,39.30%,"77,474",9.2,144,1.80%,1.49,100.30%,67.20%,4.8,$1.57 ,40.60%,54.90%,18.60%,36.60%,"3,907,243"
Seychelles,Africa,0.5,73,"100,060",0.8,"$1,698,843,063.00 ",12963.06467,146,0.6,8.8,5,8.3,0.6,6.1,73.3,100,0.32,100,100,5,62.7,82,23,8.7,214,3.40%,455,17.1,129.96,1.80%,2.41,100.40%,17.10%,12.4,$2.00 ,2.50%,63.50%,34.10%,30.10%,"55,762"
Sierra Leone,Africa,26.1,60,"8,605,718",2.2,"$3,941,474,311.00 ",504.6212722,"-1,544",0.4,3.5,3.6,27.2,4.5,0.1,35.1,27.5,0,0,14,2,63.9,18,12,5,111,54.70%,"71,740",33.41,234.16,14.80%,4.26,112.80%,2.00%,78.5,$0.57 ,38.20%,57.90%,8.60%,30.70%,"3,319,366"
Singapore,Asia,0,83,"5,637,022",3.3,"$372,062,527,489.00 ",77710.06996,"19,321",0.9,3.6,2.8,6.1,0,7.7,21.7,100,83,1.8,100,0,153.8,91,29,30.2,"8,358",0.90%,716,8.8,114.41,0.60%,1.14,100.60%,84.80%,2.3,$19.17 ,36.70%,70.50%,13.10%,21.00%,"5,703,569"
Sint Maarten Dutch Part,Americas,10.5,74,"43,389",1.3,"$1,570,000,000.00 ",32316.59598,212,0.77,9.7,5,2.2,3.3,12.04,10.9,100,100,0,99,7.3,47.7,89.1,38.1,2,"1,266",1.70%,34,13.8,108.3,4.30%,1.74,99.50%,20.00%,5.1,$6.89 ,11.70%,61.80%,19.80%,19.80%,"42,100"
Slovakia,Europe,0.1,75,"5,431,752",-0.3,"$105,422,304,976.00 ",21782.85507,"1,746",0.7,1.7,6.1,12.8,1.9,5.3,40.1,100,4,8.2,82,1,79.3,89,21,3.5,114,39.20%,"49,035",10.6,115.34,2.70%,1.52,98.70%,46.60%,4.6,$3.11 ,18.40%,59.50%,18.70%,49.70%,"2,930,419"
Slovenia,Europe,0,81,"2,108,732",0,"$53,742,159,517.00 ",29291.40062,"4,568",0.8,5.4,4.2,8.8,1.1,5.9,61.5,100,5,3.7,72,0,68.4,89,40,2.8,103,30.70%,"20,273",9.4,111.05,1.60%,1.6,100.40%,78.60%,1.7,$5.25 ,12.50%,58.40%,18.60%,31.00%,"1,144,654"
Solomon Islands,Oceania,26.6,70,"724,273",2.3,"$1,425,074,226.00 ",2232.536956,-808,0.4,-4.1,1.5,5.5,5.1,0.3,90.1,76.3,0.13,99.7,41,4,11.5,36,8,2.6,25,3.90%,"28,896",32.44,133.06,1.60%,4.4,106.20%,11.00%,17.1,$0.40 ,3.30%,83.80%,29.50%,32.00%,"162,164"
Somalia,Africa,73.5,55,"17,597,511",3.1,"$4,720,727,278.00 ",446.9815596,"-17,071",0.38,4.8,20,5.98,21.4,0,9.5,49.3,55,0,32,15.9,82.9,2,20,6,25,70.30%,"637,657",41.75,110.7,5.25%,6.07,23.40%,2.50%,76.6,$3.77 ,4.90%,47.40%,0.00%,10.00%,"7,034,861"
South Africa,Africa,20.5,62,"59,893,885",0.8,"$351,431,649,241.00 ",7055.055176,"10,934",0.4,2,29.8,7,0.2,6.7,14.1,89.3,45,1.9,79,42,75.6,72,47,2.2,49,79.80%,"1,219,090",20.51,158.93,4.10%,2.41,100.90%,22.40%,28.5,$1.44 ,7.70%,56.00%,27.50%,29.20%,"39,149,717"
South Korea,Asia,0.2,84,"51,628,117",-0.2,"$2,029,000,000,000.00 ",34997.78164,"43,440",0.8,2.6,2.8,5.1,0.5,11,64.4,100,45,1.5,100,1,49.2,98,19,1.1,527,17.40%,"99,720",6.4,115.16,0.40%,0.98,98.10%,94.30%,2.7,$6.49 ,36.80%,63.00%,15.60%,33.20%,"42,106,719"
Spain,Europe,0.9,83,"47,615,034",0.4,"$1,394,116,310,769.00 ",30103.51373,"275,022",0.7,5.5,13,8.4,0.3,4.3,37.2,100,26,24.8,96,1,135.8,94,43,2.8,94,52.60%,"505,370",7.9,110.96,0.70%,1.26,102.70%,88.90%,2.5,$5.60 ,24.20%,57.50%,14.20%,47.00%,"37,927,409"
Sri Lanka,Asia,1,76,"22,181,000",0.1,"$84,008,783,756.00 ",3994.246958,"-92,400",0.6,-7.8,6.7,49.7,4.8,1,34.2,100,25,3.2,99,3,73.5,67,5,0.7,341,43.70%,"65,610",15.83,155.53,3.50%,2.2,100.20%,19.60%,6.4,$0.35 ,38.40%,53.90%,11.90%,55.20%,"4,052,088"
St Martin French Part,Americas,1.8,80,"31,791",-0.5,"$3,100,000,000.00 ",21921,-948,0.76,3,10,7,20.6,12.04,24.8,100,100,0,99,29,57.3,86.3,16.7,1,"1,256",1.30%,53,14.6,108.2,4.30%,2.15,99.40%,23.00%,5.4,$6.89 ,11.70%,61.80%,19.80%,19.80%,"39,400"
Sudan,Africa,15.3,65,"46,874,204",2.6,"$18,902,284,476.00 ",749.7067871,"-15,223",0.4,-1,18.7,138.8,2.9,0.5,9.8,61.8,673,0,27,5,192.6,28,31,1.1,25,28.70%,"1,861,484",32.18,"1,344.19",51.00%,4.41,76.80%,16.90%,42.1,$0.41 ,63.20%,48.40%,8.00%,45.40%,"14,957,233"
Suriname,Americas,7.8,70,"618,040",0.8,"$3,985,250,737.00 ",4869.134226,-492,0.7,1.9,8.6,52.4,4.1,4.3,97.4,98.8,1,0,25,6,134.2,66,29,-0.1,4,0.60%,"163,820",18.54,294.66,22.00%,2.42,108.80%,12.60%,16.9,$2.13 ,10.10%,51.10%,19.50%,27.90%,"384,258"
Sweden,Europe,0.4,83,"10,486,941",0.7,"$530,832,908,738.00 ",61143.22124,"80,097",0.8,2.6,7.4,8.4,0.6,3.2,68.7,100,1,16.8,95,1,40.7,88,46,8.4,25,7.40%,"450,295",11.4,110.51,1.80%,1.76,126.60%,67.00%,2.2,$20.28 ,15.20%,64.60%,27.90%,49.10%,"9,021,165"
Switzerland,Europe,0,84,"8,769,741",0.8,"$703,082,435,360.00 ",91991.60046,"23,872",0.8,2.1,4.2,2.8,0.3,4,32.1,100,4,4.3,100,0,20.3,96,42,3.4,219,38.40%,"41,277",10,99.55,0.40%,1.52,105.20%,59.60%,3.7,$27.83 ,28.30%,68.30%,10.10%,28.80%,"6,332,428"
Syria,Asia,1.1,72,"22,125,249",3.7,"$40,405,006,007.00 ",925,"212,187",0.54,-3.9,9.6,36.7,0,1.2,2.8,88.8,196,0,43,2,117.1,36,11,1.2,95,75.80%,"185,180",23.69,143.2,36.70%,2.81,81.70%,40.10%,14,$1.02 ,53.70%,44.10%,14.20%,42.70%,"9,358,019"
Tajikistan,Asia,6.1,72,"9,952,787",2.1,"$8,116,626,794.00 ",916.6919671,"-3,564",0.5,8,7.8,6,50.9,1,3.1,99.6,17,0,62,1,79.8,22,27,1.7,68,34.10%,"144,100",30.76,148.57,6.00%,3.59,100.90%,31.30%,30.4,$0.23 ,63.10%,42.00%,9.80%,67.30%,"2,545,477"
Tanzania,Africa,44.9,66,"65,497,748",3,"$63,177,068,175.00 ",1146.031982,"-4,865",0.4,4.6,2.8,4.4,0.8,0.2,51.6,42.7,6,0.7,26,4,46.8,32,37,1.3,67,44.80%,"947,300",36.7,187.43,3.50%,4.89,94.20%,4.00%,37.6,$0.09 ,26.10%,83.40%,11.50%,43.80%,"20,011,885"
Thailand,Asia,0,79,"71,697,030",0.1,"$543,649,976,166.00 ",7060.897609,"1,133",0.6,2.6,0.9,6.1,1.9,3.7,38.9,100,26,5.9,26,5,58.6,85,16,2,137,43.30%,"513,120",10.34,113.27,0.70%,1.53,99.80%,49.30%,7.8,$1.06 ,11.80%,67.30%,14.90%,29.50%,"35,294,600"
The Bahamas,Americas,2.2,72,"409,984",0.5,"$12,827,000,000.00 ",28260.43255,485,0.78,14.4,10.1,5.6,3.9,6,50.9,100,100,0,99,29,86.2,94,18,3.3,39,1.40%,"13,880",13.97,116.22,2.50%,1.75,81.40%,15.10%,8.3,$5.25 ,27.80%,74.60%,14.80%,33.80%,"323,784"
The Gambia,Africa,17.2,62,"2,705,992",2.5,"$1,763,819,048.00 ",772.1514524,"-1,960",0.4,4.9,4.8,11.5,27.1,0.2,24,63.7,3,0,29,11.9,75.9,33,9,12.4,239,59.80%,"11,300",38.54,172.73,7.10%,5.22,98.00%,2.70%,39,$0.13 ,20.30%,59.40%,9.40%,48.40%,"1,453,958"
Timor Leste,Asia,24.4,68,"1,341,296",1.5,"$1,673,540,300.00 ",2741.393945,"-1,997",0.5,-17.5,4.9,1,5.8,0.3,61.9,100,14,100,72,4,55.2,39,40,1.9,89,25.60%,"14,874",29.42,145.38,2.60%,4.02,115.30%,17.80%,39.3,$0.60 ,10.20%,67.30%,25.00%,17.30%,"400,182"
Togo,Africa,28.1,62,"8,848,699",2.3,"$5,459,979,417.00 ",964.0500102,-995,0.4,5.8,4.1,8,8.2,0.3,22.2,55.7,2,6.2,9,10.4,83,35,19,1.6,152,70.20%,"56,785",33.11,113.3,0.70%,4.32,123.80%,14.50%,47.4,$0.34 ,51.00%,77.60%,16.90%,48.20%,"3,414,638"
Tonga,Oceania,1.8,71,"106,858",0.8,"$450,353,314.00 ",4425.970591,-948,0.5,-2.7,3,11,46.2,1.1,12.4,100,0.01,10.9,34,1,49.4,72,4,0.1,147,45.80%,747,24.3,121.09,7.40%,3.56,116.30%,6.40%,13.4,$2.13 ,10.20%,59.80%,22.30%,27.50%,"24,145"
Trinidad And Tobago,Americas,5.7,73,"1,531,044",0.4,"$24,100,202,834.00 ",16032.50277,"2,632",0.6,2.5,4,2.1,0.6,10.2,44.5,100,9,0,99,29,15.9,79,26,-4.5,273,10.50%,"5,128",12.94,141.75,1.00%,1.73,106.20%,12.00%,16.4,$2.25 ,37.30%,60.00%,19.50%,40.50%,"741,944"
Tunisia,Africa,0.1,74,"12,356,117",0.8,"$38,797,709,924.00 ",3807.184563,"-9,189",0.5,2.5,16.1,8.3,4.5,2.4,4.5,99.9,92,2.5,81,5,42.5,79,26,1.1,76,64.80%,"163,610",17.56,155.33,6.70%,2.2,115.40%,31.70%,14.6,$0.47 ,39.80%,46.10%,21.10%,60.70%,"8,099,061"
Turkey,Asia,0.4,76,"85,341,241",0.7,"$754,411,708,203.00 ",9661.227734,"-69,729",0.6,5.6,10,72.3,0.1,4.8,28.9,100,27,6.3,78,3,42.7,81,17,1.4,110,49.80%,"783,562",16.03,234.44,15.20%,2.07,93.20%,23.90%,9.1,$3.45 ,16.90%,52.80%,17.90%,42.30%,"63,097,818"
Turkmenistan,Asia,0.1,69,"6,430,770",1.4,"$40,761,142,857.00 ",8508,"-4,503",0.6,-3.4,5,58.8,0,10.2,8.8,100,"1,868",0,97,1,40.2,21,26,2.6,13,72.00%,"488,100",23.83,110.4,17.50%,2.79,88.40%,8.00%,39.3,$0.88 ,71.10%,64.50%,27.30%,27.30%,"3,092,738"
Turks And Caicos Islands,Americas,1.7,75,"45,703",1.3,"$1,140,000,000.00 ",23158.6379,682,0.75,-0.5,5,4,0,10.57,11.1,100,100,0,99,6,38.8,85.2,25,2.7,37,1.30%,497,18.3,110.1,5.30%,2.27,98.90%,15.00%,5.5,$7.07 ,8.80%,61.80%,19.80%,19.80%,"54,600"
Tuvalu,Oceania,3.6,65,"11,312",1,"$47,271,463.00 ",5372.756766,-15,0.4,0.7,3,0.5,4.2,0.6,33.3,99.7,0.07,100,6,0,42.2,72,6,0.3,393,60.00%,26,24.6,110.5,4.80%,3.15,86.00%,0.90%,20.6,$2.80 ,0.70%,61.40%,35.80%,35.80%,"7,362"
Uganda,Africa,42.2,63,"47,249,585",3,"$34,387,229,486.00 ",883.4657281,"43,465",0.4,4.7,4.3,7.2,2.5,0.1,11.7,45.2,2,99.8,41,9,51.3,10,34,2.7,229,71.90%,"241,038",38.14,173.87,2.90%,4.96,102.70%,4.80%,33.8,$0.01 ,40.50%,70.30%,11.70%,33.70%,"10,784,516"
Ukraine,Europe,0,70,"38,000,000",-14.2,"$153,781,069,118.00 ",4827.845703,831,0.6,-29.1,9.8,20.2,10.6,3.8,16.7,100,17,1.1,72,4,58.7,79,20,0.3,75,71.70%,"603,550",8.7,281.66,7.90%,1.3,99.00%,82.70%,7.5,$0.84 ,47.80%,54.20%,20.10%,45.20%,"30,835,699"
United Arab Emirates,Asia,0,79,"9,441,129",0.8,"$421,142,267,938.00 ",44315.55418,"-2,762",0.7,7.4,2.8,4.8,13.1,20.3,4.5,100,"1,587",0.2,99,0,1.8,100,50,5,118,5.50%,"83,600",10.33,114.52,-1.90%,1.41,108.40%,36.80%,6.5,$13.09 ,17.80%,82.10%,0.10%,15.90%,"8,479,744"
United Kingdom,Europe,0.5,81,"66,971,411",-0.1,"$2,827,113,184,696.00 ",46585.89756,"202,027",0.8,4.1,3.6,7.9,0.1,4.6,13.2,100,6,23,98,1,186.5,97,35,1.4,281,71.70%,"243,610",11,119.62,1.70%,1.68,101.20%,60.00%,3.6,$10.13 ,14.80%,62.80%,25.50%,30.60%,"55,908,316"
United States of America,Americas,0.2,76,"333,287,557",0.4,"$21,427,700,000,000.00 ",70219.47245,"561,580",0.7,2.1,3.6,8,0,13,33.9,100,16,7.4,98,7,120.4,92,29,1.4,36,44.40%,"9,833,517",11.6,117.24,7.50%,1.73,101.80%,88.20%,5.6,$7.25 ,11.10%,62.00%,9.60%,36.60%,"270,663,028"
Uruguay,Americas,0.1,75,"3,422,794",-0.1,"$56,045,912,952.00 ",17923.99533,"-1,486",0.6,4.9,7.8,9.1,0.2,1.9,11.6,100,4,28.4,99,9,60.3,90,25,13.1,20,82.60%,"176,215",13.86,202.92,7.90%,1.97,108.50%,63.10%,6.4,$1.66 ,16.20%,64.00%,20.10%,41.80%,"3,303,394"
Uzbekistan,Asia,81.5,71,"35,648,100",2.1,"$57,921,286,440.00 ",1993.424478,"-39,201",0.6,5.7,6,11.4,20.8,3.4,8.4,99.9,360,0,98,1,34.2,77,33,3.1,79,62.90%,"447,400",23.3,110.2,11.60%,2.42,104.20%,10.10%,19.1,$0.24 ,42.70%,65.10%,14.80%,31.60%,"16,935,729"
Vanuatu,Oceania,10,70,"326,740",2.4,"$917,058,851.00 ",3044.57364,-197,0.5,1.8,2.1,2.3,7.6,0.4,36.3,70,0.25,100,77,0,62.2,66,2,4.3,25,15.30%,"12,189",29.6,117.13,2.80%,3.78,109.30%,4.70%,22.3,$1.56 ,8.90%,69.90%,17.80%,8.50%,"76,152"
Venezuela,Americas,7.1,71,"28,301,696",0.4,"$482,359,318,768.00 ",3965,"-525,116",0.52,-3.9,5.3,254.9,0,2.5,52.4,100,3,0,23,19,42.8,62,22,0.2,32,24.50%,"912,050",17.88,"2,740.27",254.90%,2.27,97.20%,79.30%,21.4,$0.01 ,45.80%,59.70%,2.80%,73.30%,"25,162,368"
Vietnam,Asia,0.7,74,"98,186,856",0.7,"$261,921,244,843.00 ",3756.489122,-992,0.7,8,1.9,3.2,4.6,3.7,46.7,100,23,0.1,91,2,40.8,74,30,4.3,314,39.30%,"331,210",16.75,163.52,2.80%,2.05,110.60%,28.50%,16.5,$0.73 ,43.50%,77.40%,19.10%,37.60%,"35,332,140"
Virgin Islands Us,Americas,11.2,80,"105,413",-0.4,"$4,250,000,000.00 ",39552,-224,0.81,-2.1,12.4,7,12.8,11.68,56.9,100,100,0,99,50,89.6,64,37.5,0.2,318,6.30%,346,13.7,109.9,5.90%,2.05,99.40%,20.00%,5.7,$11.79 ,7.90%,60.90%,20.80%,20.80%,"107,200"
West Bank And Gaza,Asia,25.4,0.5,73,"5,043,612","$16,510,000,000.00 ",3678.635657,2.4,"-12,369","3,789.30",3.9,25.7,1.2,21.2,1.7,1.7,100,43,99,67,1,70.4,75,1.2,860,39.50%,"6,020",33,108.9,1.60%,3.82,99.40%,34.40%,20.8,$4.87 ,6.50%,47.90%,16.30%,16.30%,"3,725,700"
Yemen,Asia,19.8,64,"33,696,614",2.1,"$26,914,402,224.00 ",302,"-101,468",0.4,0.8,13.6,8.1,0,0.3,1,74.9,170,0,19,6,93.8,27,0,-1.3,56,44.60%,"527,968",30.45,157.58,8.10%,3.79,93.60%,10.20%,42.9,$14.00 ,81.00%,38.00%,2.60%,26.60%,"10,869,523"
Zambia,Africa,61.4,61,"20,017,675",2.8,"$23,064,722,446.00 ",1137.344395,"9,015",0.4,4.7,6.1,11,0.8,0.4,60.3,46.7,2,0,52,5,71.2,21,15,0.4,25,32.10%,"752,618",36.19,212.31,9.20%,4.63,98.70%,4.10%,40.4,$0.24 ,27.50%,74.60%,16.20%,15.60%,"7,871,713"
Zimbabwe,Africa,39.8,59,"16,320,537",2,"$21,440,758,800.00 ",1773.920411,"-25,005",0.5,3.4,7.9,104.7,9.9,0.5,45.1,49,31,1.3,26,6,130.7,35,31,0.6,38,41.90%,"390,757",30.68,105.51,0.90%,3.62,109.90%,10.00%,33.9,$1.12 ,25.80%,83.10%,20.70%,31.60%,"4,717,305"
